
[
    {
        "id" : "1",
        "name" : "chandu",
        "salary" : "12345",
        "department" : "pune"
    },
    {
        "id" : "2",
        "name" : "phani",
        "salary" : "85267",
        "department" : "hyderabad"
    },
    {
        "id" : "3",
        "name" : "Akhila",
        "salary" : "8956",
        "department" : "pune1"
    },
    {
        "id" : "4",
        "name" : "sumathi",
        "salary" : "852",
        "department" : "hyderabad1"
    }

]